,Base,Optimizado
Accuracy,0.6037991858887382,0.7141564902758932
Precision,0.5281081081081082,0.6086142322097379
Recall,0.996938775510204,0.9948979591836735
F1,0.6904593639575972,0.7552285050348567
