,Base,Optimizado
Accuracy,0.6037991858887382,0.7141564902758932
Precision,0.9916897506925207,0.9917898193760263
Recall,0.2908204711616572,0.49065800162469536
F1,0.44974874371859297,0.6565217391304348
